<?xml version="1.0"?>
<metadata xml:lang="en"><idinfo><citation><citeinfo><onlink>\\Glaurung\Ilex\Proj\SEGap\Ancillary\Avoid\snapgrid</onlink></citeinfo></citation></idinfo><distInfo><distributor><distorTran><onLineSrc><linkage>file://\\Glaurung\Ilex\Proj\SEGap\Ancillary\Avoid\snapgrid</linkage><protocol>Local Area Network</protocol></onLineSrc></distorTran></distributor></distInfo><dataqual><lineage><procstep><procdesc>Dataset copied.</procdesc><srcused>S:\z57hydro\snapgrid</srcused><date>20070509</date><time>15362500</time></procstep></lineage></dataqual><Esri><DataProperties><copyHistory><copy source="X:\temp\Thomas\reference\snapgrid" dest="\\Server\gis\Scripts\GapPackage\data\snapgrid" date="20140320" time="08510500"></copy></copyHistory><itemProps><itemLocation><linkage Sync="TRUE">file://\\Server\gis\Scripts\GapPackage\data\snapgrid</linkage><protocol Sync="TRUE">Local Area Network</protocol></itemLocation></itemProps></DataProperties><CreaDate>20140320</CreaDate><CreaTime>08510500</CreaTime><ArcGISstyle>FGDC CSDGM Metadata</ArcGISstyle><SyncOnce>TRUE</SyncOnce></Esri></metadata>
