<?xml version="1.0" encoding="utf-8"?>
<metadata>
  <idinfo>
    <citation>
      <citeinfo>
        <origin>U.S. Geological Survey Gap Analysis Program</origin>
        <pubdate>[InsertDate]</pubdate>
        <title>[InsertCommonName] Distribution Model, EVT Version </title>
        <geoform>maps and data</geoform>
        <pubinfo>
          <pubplace>Idaho</pubplace>
          <publish>U.S. Geological Survey Gap Analysis Program</publish>
        </pubinfo>
      </citeinfo>
    </citation>
    <descript>
      <abstract>USGS GAP generated this special suite of models using their Wildlife Habitat Relationship Database (WHRdB) and LANDFIRE Existing Vegetation Type 1.20.  The LANDFIRE EVT landcover systems were cross-walked to GAPs landcover classifications using both spatial analysis and expert opinion.  GAP distribution models represent the areas where species are predicted to occur based on habitat associations. GAP distribution models are the spatial arrangement of environments suitable for occupation by a species. In other words, a species distribution is created using a deductive model to predict areas suitable for occupation within a species range.
	  InsertBreakTo represent these suitable environments, GAP compiled existing GAP data, where available, and compiled additional data where needed. Existing data sources were the Southwest Regional Gap Analysis Project (SWReGAP) and the Southeast Gap Analysis Project (SEGAP) as well as a data compiled by Sanborn Solutions and Mason, Bruce and Girard. Habitat associations were based on land cover data of ecological systems and--when applicable for the given taxon--on ancillary variables such as elevation, hydrologic characteristics, human avoidance characteristics, forest edge, ecotone widths, etc.
	  InsertBreakDistribution models were generated using a python script that selects model variables based on literature cited information stored in a wildlife habitat relationship database (WHRdb); literature used includes formal publications and government reports. Distribution models are 30 meter raster data and delimited by GAP species ranges. Distribution model data were attributed with information regarding seasonal use based on GAP regional projects (NWGAP, SWReGAP, SEGAP, AKGAP, HIGAP, PRGAP, and USVIGAP), NatureServe data, and IUCN data.

	  InsertBreakGAP used the best information available to create these species distribution models; however GAP seeks to improve and update these data as new information becomes available.	  

</abstract>
      <purpose>The mission of the U.S. Geological Survey Gap Analysis Program (GAP) is to provide state, regional and national biodiversity assessments of the conservation status of native vertebrate species and natural land cover types and to facilitate the application of this information to land management activities. Species distribution models are used to conduct a biodiversity assessment for species across the U.S. The goal of GAP is to keep common species common by identifying species and plant communities not adequately represented in existing conservation lands. Common species are those not currently threatened with extinction. By providing these data, land managers and policy makers can make better-informed decisions when identifying priority areas for conservation.InsertBreakInsertBreak</purpose>
    </descript>
    <timeperd>
      <timeinfo>
        <rngdates>
          <begdate>20010101</begdate>
          <enddate>[InsertDate]</enddate>
        </rngdates>
      </timeinfo>
      <current>publication date</current>
    </timeperd>
    <status>
      <progress>In work</progress>
      <update>As needed</update>
    </status>
    <spdom>
      <bounding>
        <westbc>175</westbc>
        <eastbc>-64</eastbc>
        <northbc>72</northbc>
        <southbc>16</southbc>
      </bounding>
    </spdom>
    <keywords>
      <theme>
        <themekt>None</themekt>
        <themekey>[InsertCommonName]</themekey>
        <themekey>[InsertSciName]</themekey>
        <themekey>Landfire EVT 1.20</themekey>
        <themekey>Species Distribution</themekey>
        <themekey>Gap Analysis</themekey>
        <themekey>GAP</themekey>
        <themekey>Biodiversity</themekey>
        <themekey>Conservation</themekey>
      </theme>
      <place>
        <placekt>None</placekt>
        <placekey>United States</placekey>
        <placekey>[InsertStates]</placekey>
      </place>
    </keywords>
    <accconst>These data are in the public domain.</accconst>
    <useconst>It is strongly recommended that these data are directly acquired from the U.S. Geological Survey Gap Analysis Program server, and not indirectly through other sources, which may have modified the data in some way. It is also strongly recommended that careful attention be paid to the contents of the metadata file associated with these data. The U.S. Geological Survey shall not be held liable for improper or incorrect use of the data described and/or contained herein.
	InsertBreakAll information is created with a specific end use or uses in mind. This is especially true for GIS data, which is expensive to produce and must be directed to meet the immediate program needs. However, these data were created with the expectation that they would be used for other applications; therefore, we list below both appropriate and inappropriate uses. This list is in no way exhaustive but should serve as a guide to assess whether a proposed use can or cannot be supported by these data. For many uses, it is unlikely that GAP's species range data will provide the only data needed, and for uses with a regulatory outcome, field surveys should verify the result. In the end, it will be the responsibility of each data user to determine if these data can answer the question being asked, and if they are the best tool to answer that question. While it is impossible to predict all the uses of these data we have listed several possible appropriate and inappropriate uses from GAP's perspective.
	InsertBreakAll data are provided as is without warranty as to its currency, completeness, or accuracy of any specific data.
	InsertBreakNatureServe hereby disclaims all warranties and conditions with regard to any documents provided with these data, including but not limited to all implied warranties and conditions of merchantability, fitness for a particular purpose, and non-infringement. NatureServe makes no representations about the suitability of this data. In no event shall USGS-GAP or NatureServe be liable for any special, indirect, incidental, consequential damages, or for damages of any kind arising out of or in connection with the use or performance of information contained in these data, under any theory of liability used.
	InsertBreakThe data provided are for planning, assessment, and informational purposes. The information provided is not a survey quality dataset.
	InsertBreakThis disclaimer applies both to individual use of the data and aggregate use with other data.
	InsertBreakInsertBreakAppropriate uses of the data: primarily as a coarse map for a large area such as a county or to provide context for finer-level maps.
	InsertBreakA general list of possible applications include:InsertBreak
-National, regional or statewide biodiversity planningInsertBreak
-National, Regional or state habitat conservation planningInsertBreak
-County comprehensive planningInsertBreak
-Large-area resource management planningInsertBreak
-Coarse-filter evaluation of potential impacts or benefits of major projects or plan initiatives on biodiversity, such as utility or transportation corridors, wilderness proposals, habitat connectivity proposals, climate change adaption proposals, regional open space and recreation proposals, etc.InsertBreak
-Determining relative amounts of management responsibility for specific biological resources among land stewards to facilitate cooperative management and planning.InsertBreak
-Basic research on regional distributions of plants and animals and to help target both specific species and geographic areas for needed research.InsertBreak
-Environmental impact assessment for large projects or military activities.InsertBreak
-Estimation of potential economic impacts from loss of biological resource-based activities.InsertBreak
-Education at all levels and for both students and citizens.InsertBreak
InsertBreakInappropriate Uses:InsertBreak
It is far easier to identify appropriate uses than inappropriate ones, however, there is a "fuzzy line" that is eventually crossed when the differences in resolution of the data, size of geographic area being analyzed, and precision of the answer required for the question are no longer compatible. Examples include:InsertBreak
-Using the data to map small areas (less than thousands of hectares), typically requiring mapping resolution at 1:24,000 scale and using aerial photographs or ground surveys.InsertBreak
-Combining these data with other data finer than 1:100,000 scale to produce new hybrid maps or answer queries. InsertBreak
-Generating specific areal measurements from the data finer than the nearest thousand hectaresInsertBreak
-Establishing exact boundaries for regulation or acquisition.InsertBreak
-Establishing definite occurrence or non-occurrence of any feature for an exact geographic areaInsertBreak
-Determining abundance, health, or condition of any feature.InsertBreak
-Establishing a measure of accuracy of any other data by comparison with GAP data.InsertBreak
-Using the data without acquiring and reviewing the metadata and this report.
InsertBreakInsertBreak</useconst>
    <ptcontac>
      <cntinfo>
        <cntperp>
          <cntper>Jeff Lonneker</cntper>
          <cntorg>Gap Analysis Program, Boise State University</cntorg>
        </cntperp>
        <cntvoice>929-278-5333</cntvoice>
        <cntemail>jeffreylonneker@boisestate.edu</cntemail>
      </cntinfo>
    </ptcontac>
    <ptcontac>
      <cntinfo>
        <cntperp>
          <cntper>Dr. Alexa McKerrow</cntper>
          <cntorg>Department of Zoology, North Carolina State University</cntorg>
        </cntperp>
        <cntvoice>919-513-2853</cntvoice>
        <cntemail>amckerrow@usgs.gov</cntemail>
      </cntinfo>
    </ptcontac>
    <datacred>U.S. Geological Survey Gap Analysis Program (GAP)</datacred>
    <native>Environment as of Metadata Creation: Microsoft Windows 7 Version 6.1 (Build 7601) Service Pack 1; ESRI ArcCatalog 10.2 (Build 3348) Service Pack [N/A] (Build [N/A])</native>
  </idinfo>
  <dataqual>
    <attracc>
      <attraccr>No formal attribute accuracy tests were conducted.</attraccr>
    </attracc>
    <logic>No formal logical accuracy tests were conducted.</logic>
    <complete>Data set is considered complete for the information presented, as described in the abstract. Users are advised to read the rest of the metadata record carefully for additional details.</complete>
    <posacc>
      <horizpa>
        <horizpar>A formal accuracy assessment of the horizontal positional information in the data set has not been conducted.</horizpar>
      </horizpa>
      <vertacc>
        <vertaccr>A formal accuracy assessment of the vertical positional information in the data set has either not been conducted, or is not applicable.</vertaccr>
      </vertacc>
    </posacc>
    <lineage>
      <Caveat>The data sources listed below represent the suite of modeling variables availble for the GAP Analysis Program deductive modeling process, but were not necessarily used in each model.  Please see modeling report for individual variables used for each species.  </Caveat>
      <srcinfo>
        <srccite>
          <citeinfo>
            <origin>U.S. Geological Survey Gap Analysis Program</origin>
            <pubdate>Unknown</pubdate>
            <title>U.S. Geological Survey Gap Analysis Program Species Ranges</title>
            <geoform>Vector Digital Data</geoform>
            <pubinfo>
              <pubplace>U.S. Geological Survey Gap Analysis Program</pubplace>
              <publish>U.S. Geological Survey</publish>
            </pubinfo>
          </citeinfo>
        </srccite>
        <typesrc>Digital and/or Hardcopy Resources</typesrc>
        <srctime>
          <timeinfo>
            <rngdates>
              <begdate>Unknown</begdate>
              <enddate>Present</enddate>
            </rngdates>
          </timeinfo>
          <srccurr>publication date</srccurr>
        </srctime>
        <srccitea>GAP</srccitea>
        <srccontr>Species range boundaries</srccontr>
      </srcinfo>
      <srcinfo>
        <srccite>
          <citeinfo>
            <origin>Gesch, D., Oimoen, M., Greenlee, S., Nelson, C., Steuck, M., and Tyler, D.</origin>
            <pubdate>2002</pubdate>
            <title>National Elevation Dataset</title>
            <geoform>Raster Digital Data</geoform>
            <pubinfo>
              <pubplace>Online. See link below.</pubplace>
              <publish>U.S. Geological Survey</publish>
            </pubinfo>
            <onlink>http://ned.usgs.gov/</onlink>
          </citeinfo>
        </srccite>
        <typesrc>Digital and/or Hardcopy Resources</typesrc>
        <srctime>
          <timeinfo>
            <sngdate>
              <caldate>2002</caldate>
            </sngdate>
          </timeinfo>
          <srccurr>publication date</srccurr>
        </srctime>
        <srccitea>NED</srccitea>
        <srccontr>Elevation for the United States</srccontr>
      </srcinfo>
      <srcinfo>
        <srccite>
          <citeinfo>
            <origin>Wildland Fire Science, Earth Resources Observation and Science Center, U.S. Geological Survey</origin>
            <pubdate>20130331</pubdate>
            <title>LANDFIRE.US_120EVT</title>
            <geoform>Raster Digital Data</geoform>
            <pubinfo>
              <pubplace>Online. See link below.</pubplace>
              <publish>U.S. Geological Survey Gap Analysis Program</publish>
            </pubinfo>
            <onlink>http://www.landfire.gov/version_comparison.php</onlink>
          </citeinfo>
        </srccite>
        <typesrc>Digital and/or Hardcopy Resources</typesrc>
        <srctime>
          <timeinfo>
            <sngdate>
              <caldate>2010</caldate>
            </sngdate>
          </timeinfo>
          <srccurr>publication date</srccurr>
        </srctime>
        <srccitea>Landfire EVT 120</srccitea>
        <srccontr></srccontr>
      </srcinfo>
      <srcinfo>
        <srccite>
          <citeinfo>
            <origin>U.S. Geological Survey and U.S. Environmental Protection Agency</origin>
            <pubdate>2000</pubdate>
            <title>National Hydrography Dataset</title>
            <geoform>Vector Digital Data</geoform>
            <pubinfo>
              <pubplace>Online. See link below.</pubplace>
              <publish>U.S. Geological Survey</publish>
            </pubinfo>
            <onlink>http://nhd.usgs.gov/</onlink>
          </citeinfo>
        </srccite>
        <typesrc>Digital and/or Hardcopy Resources</typesrc>
        <srctime>
          <timeinfo>
            <sngdate>
              <caldate>2000</caldate>
            </sngdate>
          </timeinfo>
          <srccurr>publication date</srccurr>
        </srctime>
        <srccitea>NHD</srccitea>
        <srccontr>Hydrological data; flowlines and water features for the United States.</srccontr>
      </srcinfo>
      <procstep>
        <procdesc>Development of the dataset by the USGS Gap Analysis Program.</procdesc>
        <procdate>[InsertDate]</procdate>
      </procstep>
    </lineage>
  </dataqual>
  <spdoinfo>
    <direct>Raster</direct>
  </spdoinfo>
  <spref>
    <horizsys>
      <geograph>
        <latres>.0196</latres>
        <longres>.0196</longres>
        <geogunit>Decimal degrees</geogunit>
      </geograph>
      <geodetic>
        <horizdn>North American Datum of 1983</horizdn>
        <ellips>Geodetic Reference System 80</ellips>
        <semiaxis>6378137.000000</semiaxis>
        <denflat>298.257222</denflat>
      </geodetic>
    </horizsys>
  </spref>
  <eainfo>
    <detailed>
      <enttyp>
        <enttypl>[InsertSpeciesCode]</enttypl>
        <enttypd>Species distribution. We defined a species distribution as the spatial arrangement of environments suitable for occupation by a species. In other words, a species distribution is created using a deductive model to predict areas suitable for occupation within a species range.</enttypd>
        <enttypds>Producer defined</enttypds>
      </enttyp>
      <attr>
        <attrlabl>Rowid</attrlabl>
        <attrdef>Internal feature number.</attrdef>
        <attrdefs>ESRI</attrdefs>
        <attrdomv>
          <udom>Sequential unique whole numbers that are automatically generated.</udom>
        </attrdomv>
      </attr>
      <attr>
        <attrlabl>VALUE</attrlabl>
        <attrdef>Integer that represents seasonality of distribution.Sequential unique whole numbers that are automatically generated.</attrdef>
        <attrdefs>Producer defined</attrdefs>
        <attrdomv>
          <edom>
            <edomv>1</edomv>
            <edomvd>Known or probable occurrence, summer</edomvd>
            <edomvds>Producer defined</edomvds>
          </edom>
          <edom>
            <edomv>2</edomv>
            <edomvd>Known or probable occurrence, winter</edomvd>
            <edomvds>Producer defined</edomvds>
          </edom>
          <edom>
            <edomv>3</edomv>
            <edomvd>Known or probable occurrence, year-round (both winter and summer)</edomvd>
            <edomvds>Producer defined</edomvds>
          </edom>
        </attrdomv>
      </attr>
      <attr>
        <attrlabl>COUNT</attrlabl>
        <attrdef>The count (total number) of pixels with the listed value.</attrdef>
        <attrdefs>ESRI/Producer Defined</attrdefs>
        <attrdomv>
          <udom>The count (total number) of pixels with the listed value.</udom>
        </attrdomv>
      </attr>
    </detailed>
  </eainfo>
  <distinfo>
    <distrib>
      <cntinfo>
        <cntperp>
          <cntper>ScienceBase Data Release Team</cntper>
          <cntorg>U.S. Geological Survey - ScienceBase</cntorg>
        </cntperp>
        <cntvoice>888-275-8747</cntvoice>
        <cntemail>sciencebase@usgs.gov</cntemail>
      </cntinfo>
    </distrib>
    <distliab>Distributor assumes no liability for misuse of data.</distliab>
    <stdorder>
      <digform>
        <digtopt>
          <onlinopt>
            <computer>
              <networka>
                <networkr>http://gapanalysis.usgs.gov/species/data/download</networkr>
              </networka>
            </computer>
          </onlinopt>
        </digtopt>
      </digform>
      <fees>No direct fees are associated with obtaining these data.</fees>
    </stdorder>
    <custom>Data may be downloaded from: http://gapanalysis.usgs.gov/species/data/download/</custom>
  </distinfo>
  <metainfo>
    <metd>[InsertDate]</metd>
    <metc>
      <cntinfo>
        <cntperp>
          <cntper>Jeff Lonneker</cntper>
          <cntorg>Gap Analysis Program, Boise State University</cntorg>
        </cntperp>
        <cntpos>Sr. GIS Analyst / Wildlife Biologist</cntpos>
        <cntvoice>929-278-5333</cntvoice>
        <cntemail>jeffreylonneker@boisestate.edu</cntemail>
      </cntinfo>
    </metc>
    <metstdn>FDGC Content Standard for Digital Geospatial Metadata andBiological Data Profile</metstdn>
    <metstdv>FDGC-STD-001-1998</metstdv>
  </metainfo>
</metadata>