﻿<?xml version="1.0" encoding="utf-8"?>
<metadata>
  <idinfo>
    <citation>
      <citeinfo>
        <origin>U.S. Geological Survey Gap Analysis Program</origin>
        <pubdate>20130401</pubdate>
        <title>InsertCommon Range [InsertFilename]</title>
        <geoform>maps and data</geoform>
        <serinfo>
          <sername>U.S. Geological Survey Gap Analysis Program Species Ranges</sername>
        </serinfo>
        <pubinfo>
          <pubplace>Idaho</pubplace>
          <publish>U.S. Geological Survey Gap Analysis Program</publish>
        </pubinfo>
      </citeinfo>
    </citation>
    <descript>
      <abstract>GAP species range data show a coarse representation of the total areal extent of a species or the geographic limits within which a species can be found (Morrison and Hall 2002).
	  InsertBreakInsertBreakTo represent these geographic limits, GAP compiled existing GAP data, where available, and NatureServe data (Patterson et al. 2003, Ridgely et al. 2007, NatureServe 2010) IUCN data (IUCN 2004), where needed. Data provided by GAP in collaboration with the Northwest Gap Analysis Project (NWGAP), the Southwest Regional Gap Analysis Project (SWReGAP), the Southeast Gap Analysis Project (SEGAP), the Alaska Gap Analysis Project (AKGAP), the Hawaii Gap Analysis Project (HIGAP), the Puerto Rico Gap Analysis Project (PRGAP), and the U.S. Virgin Islands Gap Analysis Project (USVIGAP).
	  InsertBreakInsertBreakA web map service for this species' range can be accessed here: http://gis1.usgs.gov/ArcGIS/rest/services/NAT_Species_Ranges/InsertCode/MapServer
	InsertBreakInsertBreakA table listing all of GAP's available web map services can be found here: http://gapanalysis.usgs.gov/species/data/web-map-services/
	  InsertBreakInsertBreakBird data provided by NatureServe in collaboration with Robert Ridgely, James Zook, The Nature Conservancy's Migratory Bird Program, Conservation International's Center for Applied Biodiversity Science (CABS), World Wildlife Fund US, and Environment Canada's WILDSPACE.
	  InsertBreakInsertBreakMammal data provided by NatureServe in collaboration with Bruce Patterson, Wes Sechrest, Marcelo Tognelli, Gerardo Ceballos, The Nature Conservancy's Migratory Bird Program, Conservation International's CABS, World Wildlife Fund US, and Environment Canada's WILDSPACE.
	  InsertBreakInsertBreakReptile data were provided by the International Union for Conservation of Nature and Natural Resources (IUCN).
	  InsertBreakInsertBreakAmphibian data developed as part of the Global Amphibian Assessment and provided by IUCN-World Conservation Union, Conservation International and NatureServe.
	  InsertBreakInsertBreakOnce the needed range data were compiled it was intersected with Natural Resource Conservation Service National Watershed Boundary dataset of 12-digit hydrological units for the US (U.S. Geological Survey and U.S. Department of Agriculture, Natural Resources Conservation Service 2009). Range data were attributed with information regarding occurrence/presence, origin, reproductive use, and seasonal use from GAP regional projects (SWReGAP, SEGAP, NWGAP, AKGAP, HIGAP, PRGAP, and USVIGAP), NatureServe data, and IUCN data.
	  InsertBreakInsertBreakGAP used the best information available to create these species ranges; however GAP seeks to improve and update these data as new information becomes available. These species range data provide the biological context within which to build our species distribution models.
	  InsertBreakInsertBreak
	  Recommended citation: U.S. Geological Survey Gap Analysis Program (USGS-GAP). InsertYear. National Species Ranges. Available: http://gapanalysis.usgs.gov. Accessed [date].
InsertBreakInsertBreak
</abstract>
      <purpose>The mission of the U.S. Geological Survey Gap Analysis Program (GAP; http://gapanalysis.usgs.gov) is to provide state, regional, and national biodiversity assessments of the conservation status of native vertebrate species and natural land cover types and to facilitate the application of this information to land management activities. Species range data are required to assess overall species richness across the U.S as well as to delimit the area within which distribution models are created. The goal of GAP is to keep common species common by identifying species and plant communities not adequately represented in existing conservation lands. Common species are those not currently threatened with extinction. By providing these data, land managers and policy makers can make better-informed decisions when identifying priority areas for conservation.
	  InsertBreakInsertBreak</purpose>
    </descript>
    <timeperd>
      <current>publication date</current>
    </timeperd>
    <status>
      <progress>in work</progress>
      <update>as needed</update>
    </status>
    <spdom>
      <bounding>
        <westbc>-185</westbc>
        <eastbc>-64</eastbc>
        <northbc>72</northbc>
        <southbc>16</southbc>
      </bounding>
    </spdom>
    <keywords>
      <theme>
        <themekt>None</themekt>
        <themekey>InsertCommon</themekey>
        <themekey>InsertBinomial</themekey>
        <themekey>Gap Analysis</themekey>
        <themekey>GAP</themekey>
        <themekey>Species Range</themekey>
        <themekey>Biodiversity</themekey>
        <themekey>Conservation</themekey>
        <themekey>12-digit HUCs</themekey>
        <themekey>12-digit hydrologic units</themekey>
      </theme>
      <place>
        <placekt>None</placekt>
        <placekey>United States</placekey>
        <placekey>InsertStates</placekey>
      </place>
    </keywords>
    <accconst>These data are in the public domain.</accconst>
    <useconst>It is strongly recommended that these data are directly acquired from the U.S. Geological Survey Gap Analysis Program server, and not indirectly through other sources, which may have modified the data in some way. It is also strongly recommended that careful attention be paid to the contents of the metadata file associated with these data. The U.S. Geological Survey shall not be held liable for improper or incorrect use of the data described and/or contained herein.
	InsertBreakInsertBreakAll information is created with a specific end use or uses in mind. This is especially true for GIS data, which is expensive to produce and must be directed to meet the immediate program needs. However, these data were created with the expectation that they would be used for other applications; therefore, we list below both appropriate and inappropriate uses. This list is in no way exhaustive but should serve as a guide to assess whether a proposed use can or cannot be supported by these data. For many uses, it is unlikely that GAP's species range data will provide the only data needed, and for uses with a regulatory outcome, field surveys should verify the result. In the end, it will be the responsibility of each data user to determine if these data can answer the question being asked, and if they are the best tool to answer that question. While it is impossible to predict all the uses of these data we have listed several possible appropriate and inappropriate uses from GAP's perspective.
	InsertBreakInsertBreakAll data are provided as is without warranty as to its currency, completeness, or accuracy of any specific data.
	InsertBreakInsertBreakNatureServe hereby disclaims all warranties and conditions with regard to any documents provided with these data, including but not limited to all implied warranties and conditions of merchantability, fitness for a particular purpose, and non-infringement. NatureServe makes no representations about the suitability of this data. In no event shall USGS-GAP or NatureServe be liable for any special, indirect, incidental, consequential damages, or for damages of any kind arising out of or in connection with the use or performance of information contained in these data, under any theory of liability used.
	InsertBreakInsertBreakThe data provided are for planning, assessment, and informational purposes. The information provided is not a survey quality dataset.
	InsertBreakInsertBreakThis disclaimer applies both to individual use of the data and aggregate use with other data.
	InsertBreakInsertBreakAppropriate uses of the data: primarily as a coarse map for a large area such as a county or to provide context for finer-level maps.
	InsertBreak
InsertBreak
A general list of possible applications include:InsertBreak
-National, regional or statewide biodiversity planningInsertBreak
-National, Regional or state habitat conservation planningInsertBreak
-County comprehensive planningInsertBreak
-Large-area resource management planningInsertBreak
-Coarse-filter evaluation of potential impacts or benefits of major projects or plan initiatives on biodiversity, such as utility or transportation corridors, wilderness proposals, habitat connectivity proposals, climate change adaption proposals, regional open space and recreation proposals, etc.InsertBreak
-Determining relative amounts of management responsibility for specific biological resources among land stewards to facilitate cooperative management and planning.InsertBreak
-Basic research on regional distributions of plants and animals and to help target both specific species and geographic areas for needed research.InsertBreak
-Environmental impact assessment for large projects or military activities.InsertBreak
-Estimation of potential economic impacts from loss of biological resource-based activities.InsertBreak
-Education at all levels and for both students and citizens.InsertBreak
InsertBreak
Inappropriate Uses:InsertBreak
InsertBreak
It is far easier to identify appropriate uses than inappropriate ones, however, there is a "fuzzy line" that is eventually crossed when the differences in resolution of the data, size of geographic area being analyzed, and precision of the answer required for the question are no longer compatible. Examples include:InsertBreak
-Using the data to map small areas (less than thousands of hectares), typically requiring mapping resolution at 1:24,000 scale and using aerial photographs or ground surveys.InsertBreak
-Combining these data with other data finer than 1:100,000 scale to produce new hybrid maps or answer queries. InsertBreak
-Generating specific areal measurements from the data finer than the nearest thousand hectaresInsertBreak
-Establishing exact boundaries for regulation or acquisition.InsertBreak
-Establishing definite occurrence or non-occurrence of any feature for an exact geographic areaInsertBreak
-Determining abundance, health, or condition of any feature.InsertBreak
-Establishing a measure of accuracy of any other data by comparison with GAP data.InsertBreak
-Altering the data in any way and redistributing them as a GAP data product.InsertBreak
-Using the data without acquiring and reviewing the metadata and this report.
InsertBreakInsertBreak</useconst>
    <datacred>U.S. Geological Survey Gap Analysis Program (GAP; http://gapanalysis.usgs.gov)</datacred>
    <ptcontac>
      <cntinfo>
        <cntperp>
          <cntper>Jeff Lonneker</cntper>
          <cntorg>Gap Analysis Program, Boise State University</cntorg>
        </cntperp>
        <cntvoice>929-278-5333</cntvoice>
        <cntemail>JeffreyLonneker@boisestate.edu</cntemail>
      </cntinfo>
    </ptcontac>
    <ptcontac>
      <cntinfo>
        <cntperp>
          <cntper>Dr. Alexa McKerrow</cntper>
          <cntorg>Department of Zoology, North Carolina State University</cntorg>
        </cntperp>
        <cntvoice>919-513-2853</cntvoice>
        <cntemail>amckerrow@usgs.gov</cntemail>
      </cntinfo>
    </ptcontac>
  </idinfo>
  <datacred>U.S. Geological Survey Gap Analysis Program (GAP)</datacred>
  <native>Environment as of Metadata Creation: Microsoft Windows 7 Version 6.1 (Build 7601) Service Pack 1; ESRI ArcCatalog 10.2 (Build 3348) Service Pack [N/A] (Build [N/A])</native>
  <dataqual>
    <attracc>
      <attraccr>No formal attribute accuracy tests were conducted</attraccr>
    </attracc>
    <logic>Data set is considered complete for the information presented, as described in the abstract.Users are advised to read the rest of the metadata record carefully for addtional details.</logic>
    <posacc>
      <horizpa>
        <horizpar>No formal positional accuracy tests were conducted</horizpar>
      </horizpa>
    </posacc>
    <lineage>
      <method>
        <methtype>lab</methtype>
      </method>
      <srcinfo>
        <srccite>
          <citeinfo>
            <title>Southeast GAP Vertebrate Known Range</title>
            <origin>Southeast Gap Analysis Project</origin>
            <geoform>vector digital data</geoform>
            <onlink>http://www.basic.ncsu.edu/segap/</onlink>
            <pubdate>20100401</pubdate>
            <pubinfo>
              <publish>U.S. Geological Survey Gap Analysis Program</publish>
            </pubinfo>
          </citeinfo>
        </srccite>
      </srcinfo>
      <srcinfo>
        <srccite>
          <citeinfo>
            <title>Northwest GAP Species Ranges</title>
            <origin>Northwest Gap Analysis Project</origin>
            <geoform>vector digital data</geoform>
            <onlink>http://gap.uidaho.edu/index.php/species-download/</onlink>
            <pubdate>20111028</pubdate>
            <pubinfo>
              <publish>U.S. Geological Survey Gap Analysis Program</publish>
            </pubinfo>
          </citeinfo>
        </srccite>
      </srcinfo>
      <srcinfo>
        <srccite>
          <citeinfo>
            <title>Southwest Regional GAP Species Ranges</title>
            <origin>Southwest Regional Gap Analysis Project</origin>
            <geoform>vector digital data</geoform>
            <onlink>http://swregap.nmsu.edu/habitatreview/Review.asp</onlink>
            <pubdate>2005</pubdate>
            <pubinfo>
              <publish>U.S. Geological Survey Gap Analysis Program</publish>
            </pubinfo>
          </citeinfo>
        </srccite>
      </srcinfo>
      <srcinfo>
        <srccite>
          <citeinfo>
            <title>Alaska Gap Analysis Project</title>
            <origin>Gotthardt, T., S. Pyare, F. Huettmann, K. Walton, M. Spathelf,  K. Nesvacil, A. Baltensperger, G. Humphries, and T.L. Fields</origin>
            <geoform>vector digital data</geoform>
            <onlink>http://aknhp.uaa.alaska.edu/zoology/akgap/</onlink>
            <pubdate>2013</pubdate>
            <pubinfo>
              <publish>Univeristy of Alaska</publish>
              <pubplace>Anchorage, AK</pubplace>
            </pubinfo>
          </citeinfo>
        </srccite>
      </srcinfo>
      <srcinfo>
        <srccite>
          <citeinfo>
            <title>Hawaii Gap Analysis Project</title>
            <origin>Gon, S.M., A. Allison, R.J. Cannarella, J.D. Jacobi, K.Y. Kaneshiro, M.H. Kido, M. Lane-Kamahele, and S.E. Miller.</origin>
            <geoform>vector digital data</geoform>
            <onlink>ftp://ftp.gap.uidaho.edu/products/Hawaii.zip</onlink>
            <pubdate>20060201</pubdate>
            <pubinfo>
              <publish>U.S. Geological Survey Gap Analysis Program</publish>
            </pubinfo>
          </citeinfo>
        </srccite>
      </srcinfo>
      <srcinfo>
        <srccite>
          <citeinfo>
            <title>Puerto Rico Gap Analysis Project</title>
            <origin>Gould, W., Solorzano, M., and Potts, G. </origin>
            <geoform>vector digital data</geoform>
            <onlink>http://prgap.org/</onlink>
            <pubdate>2012</pubdate>
            <pubinfo>
              <publish>U.S. Geological Survey Gap Analysis Program and USDA FS International Institute of Tropical Forestry</publish>
            </pubinfo>
          </citeinfo>
        </srccite>
      </srcinfo>
      <srcinfo>
        <srccite>
          <citeinfo>
            <title>U.S. Virgin Islands Gap Analysis Project</title>
            <origin>Gould, W., Solorzano, M., and Potts, G. </origin>
            <geoform>vector digital data</geoform>
            <onlink>http://prgap.org/</onlink>
            <pubdate>2013</pubdate>
            <pubinfo>
              <publish>U.S. Geological Survey Gap Analysis Program and USDA FS International Institute of Tropical Forestry</publish>
            </pubinfo>
          </citeinfo>
        </srccite>
      </srcinfo>
      <srcinfo>
        <srccite>
          <citeinfo>
            <title>Watershed Boundaries Dataset: Hydrologic Units (HUCs)</title>
            <origin>U.S. Geological Survey and U.S. Department of Agriculture, Natural Resources Conservation Service</origin>
            <geoform>vector digital data</geoform>
            <onlink>http://water.usgs.gov/GIS/huc.html</onlink>
            <pubdate>2009</pubdate>
            <pubinfo>
              <publish>U.S. Geological Survey</publish>
            </pubinfo>
          </citeinfo>
        </srccite>
      </srcinfo>
      <srcinfo>
        <srccite>
          <citeinfo>
            <title>Digital Distribution Maps of the Birds of the Western Hemisphere, version 3.0</title>
            <origin>Ridgely, R. S., T. F. Allnutt, T. Brooks, D. K. McNicol, D. W. Mehlman, B. E. Young, and J. R. Zook</origin>
            <geoform>vector digital data</geoform>
            <onlink>http://www.natureserve.org/getData/birdMaps.jsp</onlink>
            <pubdate>2007</pubdate>
            <pubinfo>
              <publish>NatureServe</publish>
              <pubplace>Arlington, VA</pubplace>
            </pubinfo>
          </citeinfo>
        </srccite>
      </srcinfo>
      <srcinfo>
        <srccite>
          <citeinfo>
            <title>Digital Distribution Maps of the Mammals of the Western Hemisphere, version 1.0</title>
            <origin>Patterson, B. D., G. Ceballos, W. Sechrest, M. F. Tognelli, T. Brooks, L. Luna, P. Ortega, I. Salazar, and B. E. Young</origin>
            <geoform>vector digital data</geoform>
            <onlink>http://www.natureserve.org/getData/mammalMaps.jsp</onlink>
            <pubdate>2003</pubdate>
            <pubinfo>
              <publish>NatureServe</publish>
              <pubplace>Arlington, VA</pubplace>
            </pubinfo>
          </citeinfo>
        </srccite>
      </srcinfo>
      <srcinfo>
        <srccite>
          <citeinfo>
            <title>NatureServe Explorer: An online encyclopedia of life [web application]. Version 7.1</title>
            <origin>NatureServe</origin>
            <geoform>vector digital data</geoform>
            <onlink>http://www.natureserve.org/explorer/</onlink>
            <pubdate>2010</pubdate>
            <pubinfo>
              <publish>NatureServe</publish>
              <pubplace>Arlington, VA</pubplace>
            </pubinfo>
          </citeinfo>
        </srccite>
      </srcinfo>
      <srcinfo>
        <srccite>
          <citeinfo>
            <title>IUCN Red List of Threatened Species Version 2004</title>
            <origin>IUCN</origin>
            <geoform>vector digital data</geoform>
            <onlink>http://www.iucnredlist.org</onlink>
            <pubdate>2004</pubdate>
            <pubinfo>
              <publish>IUCN</publish>
            </pubinfo>
          </citeinfo>
        </srccite>
      </srcinfo>
      <srcinfo>
        <srccite>
          <citeinfo>
            <title>Global Amphibian Assessment</title>
            <origin>IUCN, Conservation International, and NatureServe</origin>
            <geoform>vector digital data</geoform>
            <onlink>http://www.iucnredlist.org/technical-documents/spatial-data</onlink>
            <pubdate>2004</pubdate>
            <pubinfo>
              <publish>IUCN</publish>
            </pubinfo>
          </citeinfo>
        </srccite>
      </srcinfo>
      <srcinfo>
        <srccite>
          <citeinfo>
            <title>eBird: An online database of bird distribution and abundance [web application]</title>
            <origin>eBird</origin>
            <onlink>http://www.ebird.org</onlink>
            <pubdate>2011</pubdate>
            <pubinfo>
              <publish>eBird</publish>
              <pubplace>Ithaca, NY</pubplace>
            </pubinfo>
          </citeinfo>
        </srccite>
      </srcinfo>
      <srcinfo>
        <srccite>
          <citeinfo>
            <title>The Birds of North America Online</title>
            <origin>Cornell Laboratory of Ornithology</origin>
            <onlink>http://bna.birds.cornell.edu/BNA/</onlink>
            <pubdate>2005</pubdate>
            <pubinfo>
              <publish>Cornell Laboratory of Ornithology</publish>
              <pubplace>Ithaca, NY</pubplace>
            </pubinfo>
          </citeinfo>
        </srccite>
      </srcinfo>
    </lineage>
  </dataqual>
  <spdoinfo>
    <direct>vector</direct>
  </spdoinfo>
  <spref>
    <horizsys>
      <planar>
        <mapproj>
          <mapprojn>Albers_Contiguous_US_Equal_Area</mapprojn>
          <mapprojp>
            <stdparll>29.5</stdparll>
            <stdparll>45.5</stdparll>
            <longcm>-96.0</longcm>
            <latprjo>37.5</latprjo>
            <feast>0.0</feast>
            <fnorth>0.0</fnorth>
          </mapprojp>
        </mapproj>
      </planar>
      <planci>
        <plance>coordinate pair</plance>
        <coordrep>
          <absres>0.61</absres>
          <ordres>0.61</ordres>
        </coordrep>
        <plandu>Meters</plandu>
      </planci>
      <geodetic>
        <horizdn>North American Datum of 1983</horizdn>
        <ellips>Geodetic Reference System 80</ellips>
        <semiaxis>6378137.000000</semiaxis>
        <denflat>298.257222</denflat>
      </geodetic>
    </horizsys>
  </spref>
  <eainfo>
    <detailed>
      <enttyp>
        <enttypl>InsertCode</enttypl>
        <enttypd>Species range. We defined a species range as a coarse representation of the total areal extent of a species or the geographic limits within which a species can be found (Morrison and Hall 2002).</enttypd>
        <enttypds>Producer defined</enttypds>
      </enttyp>
      <attr>
        <attrlabl>OID</attrlabl>
        <attrdef>Sequential unique whole numbers that are automatically generated.</attrdef>
        <attrdefs>ESRI</attrdefs>
      </attr>
      <attr>
        <attrlabl>HUC12RNG</attrlabl>
        <attrdef>Unique identifying code for each 12-digit hydrologic unit.</attrdef>
        <attrdefs>Producer defined</attrdefs>
      </attr>
      <attr>
        <attrlabl>GapOrigin</attrlabl>
        <attrdef>Integer value for the species origin.</attrdef>
        <attrdefs>Producer defined</attrdefs>
        <attrdomv>
          <edom>
            <edomv>1</edomv>
            <edomvd>Native</edomvd>
            <edomvds>Producer defined</edomvds>
          </edom>
          <edom>
            <edomv>2</edomv>
            <edomvd>Introduced</edomvd>
            <edomvds>Producer defined</edomvds>
          </edom>
          <edom>
            <edomv>3</edomv>
            <edomvd>Either Introduced or Native</edomvd>
            <edomvds>Producer defined</edomvds>
          </edom>
          <edom>
            <edomv>4</edomv>
            <edomvd>Reintroduced</edomvd>
            <edomvds>Producer defined</edomvds>
          </edom>
          <edom>
            <edomv>5</edomv>
            <edomvd>Either Introduced or Reintroduced</edomvd>
            <edomvds>Producer defined</edomvds>
          </edom>
          <edom>
            <edomv>6</edomv>
            <edomvd>Vagrant</edomvd>
            <edomvds>Producer defined</edomvds>
          </edom>
          <edom>
            <edomv>7</edomv>
            <edomvd>Unknown</edomvd>
            <edomvds>Producer defined</edomvds>
          </edom>
        </attrdomv>
      </attr>
      <attr>
        <attrlabl>GapPres</attrlabl>
        <attrdef>Integer value for species occurrence / presence.</attrdef>
        <attrdomv>
          <edom>
            <edomv>1</edomv>
            <edomvd>Known / Extant</edomvd>
            <edomvds>Producer defined</edomvds>
          </edom>
          <edom>
            <edomv>2</edomv>
            <edomvd>Possibly Present</edomvd>
            <edomvds>Producer defined</edomvds>
          </edom>
          <edom>
            <edomv>3</edomv>
            <edomvd>Potential for Presence: no known locations, but could be within watershed based on proximity and habitat characteristics</edomvd>
            <edomvds>Producer defined</edomvds>
          </edom>
          <edom>
            <edomv>4</edomv>
            <edomvd>Extirpated / Historical Presence</edomvd>
            <edomvds>Producer defined</edomvds>
          </edom>
          <edom>
            <edomv>5</edomv>
            <edomvd>Extirpated Purposely: applies to introduced species</edomvd>
            <edomvds>Producer defined</edomvds>
          </edom>
          <edom>
            <edomv>6</edomv>
            <edomvd>Occurs on indicated island chain, but not necessarily on every island in the chain</edomvd>
            <edomvds>Producer defined</edomvds>
          </edom>
          <edom>
            <edomv>7</edomv>
            <edomvd>Unknown</edomvd>
            <edomvds>Producer defined</edomvds>
          </edom>
        </attrdomv>
      </attr>
      <attr>
        <attrlabl>GapSeas</attrlabl>
        <attrdef>Integer value for species seasonal use.</attrdef>
        <attrdefs>Producer defined</attrdefs>
        <attrdomv>
          <edom>
            <edomv>1</edomv>
            <edomvd>Year-round</edomvd>
            <edomvds>Producer defined</edomvds>
          </edom>
          <edom>
            <edomv>2</edomv>
            <edomvd>Migratory</edomvd>
            <edomvds>Producer defined</edomvds>
          </edom>
          <edom>
            <edomv>3</edomv>
            <edomvd>Winter</edomvd>
            <edomvds>Producer defined</edomvds>
          </edom>
          <edom>
            <edomv>4</edomv>
            <edomvd>Summer</edomvd>
            <edomvds>Producer defined</edomvds>
          </edom>
          <edom>
            <edomv>5</edomv>
            <edomvd>Passage Migrant or Wanderer</edomvd>
            <edomvds>Producer defined</edomvds>
          </edom>
          <edom>
            <edomv>6</edomv>
            <edomvd>Seasonal Permanence Uncertain</edomvd>
            <edomvds>Producer defined</edomvds>
          </edom>
          <edom>
            <edomv>7</edomv>
            <edomvd>Unknown</edomvd>
            <edomvds>Producer defined</edomvds>
          </edom>
          <edom>
            <edomv>8</edomv>
            <edomvd>Vagrant</edomvd>
            <edomvds>Producer defined</edomvds>
          </edom>
        </attrdomv>
      </attr>
      <attr>
        <attrlabl>GapRepro</attrlabl>
        <attrdef>Integer value for species reproductive use.</attrdef>
        <attrdomv>
          <edom>
            <edomv>1</edomv>
            <edomvd>Breeding</edomvd>
            <edomvds>Producer defined</edomvds>
          </edom>
          <edom>
            <edomv>2</edomv>
            <edomvd>Non-breeding</edomvd>
            <edomvds>Producer defined</edomvds>
          </edom>
          <edom>
            <edomv>3</edomv>
            <edomvd>Both Breeding and Non-breeding</edomvd>
            <edomvds>Producer defined</edomvds>
          </edom>
          <edom>
            <edomv>7</edomv>
            <edomvd>Unknown</edomvd>
            <edomvds>Producer defined</edomvds>
          </edom>
        </attrdomv>
      </attr>
      <attr>
        <attrlabl>CompSrc</attrlabl>
        <attrdef>Compiler source of range data.</attrdef>
        <attrdefs>Producer defined</attrdefs>
      </attr>
      <attr>
        <attrlabl>NS_cd</attrlabl>
        <attrdef>Integer value of Nature Serve's coding, adapted to GAP's coding system and then combined into one field. Occurrence/ Origin/ Reproductive Use/ Seasonal Use.</attrdef>
        <attrdefs>Producer defined</attrdefs>
      </attr>
      <attr>
        <attrlabl>NWGap_cd</attrlabl>
        <attrdef>Integer value of the Northwest GAP project's coding, adapted to National GAP's coding system and then combined into one field. Occurrence/ Origin/ Reproductive Use/ Seasonal Use.</attrdef>
        <attrdefs>Producer defined</attrdefs>
      </attr>
      <attr>
        <attrlabl>SEGap_cd</attrlabl>
        <attrdef>Integer value of the Southeast GAP project's coding, adapted to National GAP's coding system and then combined into one field. Occurrence/ Origin/ Reproductive Use/ Seasonal Use.</attrdef>
        <attrdefs>Producer defined</attrdefs>
      </attr>
      <attr>
        <attrlabl>SWGap_cd</attrlabl>
        <attrdef>Integer value of the Southwest GAP project's coding, adapted to National GAP's coding system and then combined into one field. Occurrence/ Origin/ Reproductive Use/ Seasonal Use.</attrdef>
        <attrdefs>Producer defined</attrdefs>
      </attr>
    </detailed>
  </eainfo>
  <distinfo>
    <distrib>
      <cntinfo>
        <cntperp>
          <cntper>ScienceBase Data Release Team</cntper>
          <cntorg>U.S. Geological Survey - ScienceBase</cntorg>
        </cntperp>
        <cntvoice>888-275-8747</cntvoice>
        <cntemail>sciencebase@usgs.gov</cntemail>
      </cntinfo>
    </distrib>
    <distliab>Distributor assumes no liability for misuse of data.</distliab>
    <stdorder>
      <digform>
        <digtopt>
          <onlinopt>
            <computer>
              <networka>
                <networkr>http://gapanalysis.usgs.gov/species/data/download</networkr>
              </networka>
            </computer>
          </onlinopt>
        </digtopt>
      </digform>
      <fees>No direct fees are associated with obtaining these data.</fees>
    </stdorder>
    <custom>Data may be downloaded from: http://gapanalysis.usgs.gov/species/data/download/</custom>
  </distinfo>
  <metainfo>
    <metd>20151103</metd>
    <metc>
      <cntinfo>
        <cntperp>
          <cntper>Jeff Lonneker</cntper>
          <cntorg>Gap Analysis Program, Boise State University</cntorg>
        </cntperp>
        <cntpos>Sr. GIS Analyst / Wildlife Biologist</cntpos>
        <cntvoice>929-278-5333</cntvoice>
        <cntemail>jeffreylonneker@boisestate.edu</cntemail>
      </cntinfo>
    </metc>
    <metstdn>FDGC Content Standard for Digital Geospatial Metadata andBiological Data Profile</metstdn>
    <metstdv>FDGC-STD-001-1998</metstdv>
  </metainfo>
</metadata>